Name,Mode,Frequency
สถานีวิทยุกระจายเสียงกรมการพลังงานทหาร,FM,90.5
สถานีวิทยุกระจายเสียงแห่ง ประเทศไทย จังหวัด กรุงเทพมหานคร,FM,88
สถานีวิทยุกระจายเสียงแห่งประเทศไทย จังหวัดกรุงเทพมหานคร,FM,92.5
สถานีวิทยุกระจายเสียงแห่งประเทศไทย จังหวัดกรุงเทพมหานคร,FM,93.5
สถานีวิทยุกระจายเสียงแห่งประเทศไทย จังหวัดกรุงเทพมหานคร,FM,95.5
สถานีวิทยุกระจายเสียงแห่งประเทศไทย จังหวัดกรุงเทพมหานคร,FM,97
สถานีวิทยุกระจายเสียงแห่งประเทศไทย จังหวัดกรุงเทพมหานคร,FM,105
สถานีวิทยุกระจายเสียงแห่งประเทศไทย จังหวัดขอนแก่น,FM,98.5
สถานีวิทยุกระจายเสียงแห่งประเทศไทย จังหวัดขอนแก่น,FM,99.5
สถานีวิทยุกระจายเสียงแห่งประเทศไทยอำเภอชุมแพ จังหวัดขอนแก่น,FM,93.25
สถานีวิทยุกระจายเสียงแห่งประเทศไทย จังหวัดหนองคาย,FM,90.5
สถานีวิทยุกระจายเสียงแห่งประเทศไทย จังหวัดบึงกาฬ,FM,104.25
สถานีวิทยุกระจายเสียงแห่งประเทศไทย จังหวัดสกลนคร,FM,91.25
สถานีวิทยุกระจายเสียงแห่งประเทศไทย จังหวัดชัยภูมิ,FM,92.75
สถานีวิทยุกระจายเสียงแห่งประเทศไทย จังหวัดกาฬสินธุ์,FM,93
สถานีวิทยุกระจายเสียงแห่งประเทศไทย จังหวัดอุดรธานี,FM,93.75
สถานีวิทยุกระจายเสียงแห่งประเทศไทย จังหวัดมหาสารคาม,FM,106.5
สถานีวิทยุกระจายเสียงแห่งประเทศไทย จังหวัดเลย,FM,95.25
สถานีวิทยุกระจายเสียงแห่งประเทศไทย จังหวัดหนองบัวลำภู,FM,97.25
สถานีวิทยุกระจายเสียงแห่งประเทศไทย จังหวัดนครราชสีมา,FM,105.25
สถานีวิทยุกระจายเสียงแห่งประเทศไทย จังหวัดนครราชสีมา,FM,106.25
สถานีวิทยุกระจายเสียงแห่งประเทศไทย จังหวัดอุบลราชธานี,FM,98.5
สถานีวิทยุกระจายเสียงแห่งประเทศไทย จังหวัดนครพนม,FM,90.25
สถานีวิทยุกระจายเสียงแห่งประเทศไทย จังหวัดสุรินทร์,FM,93.5
สถานีวิทยุกระจายเสียงแห่งประเทศไทย จังหวัดสุรินทร์,FM,97.5
สถานีวิทยุกระจายเสียงแห่งประเทศไทย จังหวัดมุกดาหาร,FM,99.25
สถานีวิทยุกระจายเสียงแห่งประเทศไทย จังหวัดศรีสะเกษ,FM,100.25
สถานีวิทยุกระจายเสียงแห่งประเทศไทย จังหวัดบุรีรัมย์,FM,101.75
สถานีวิทยุกระจายเสียงแห่งประเทศไทย จังหวัดร้อยเอ็ด,FM,94
สถานีวิทยุกระจายเสียงแห่งประเทศไทย จังหวัดยโสธร,FM,90
สถานีวิทยุกระจายเสียงแห่งประเทศไทย จังหวัดอำนาจเจริญ,FM,103.25
สถานีวิทยุกระจายเสียงแห่งประเทศไทย จังหวัดเชียงใหม่,FM,93.25
สถานีวิทยุกระจายเสียงแห่งประเทศไทย จังหวัดเชียงใหม่,FM,98
สถานีวิทยุกระจายเสียงแห่งประเทศไทยอำเภอฝาง จังหวัดเชียงใหม่,FM,89.25
สถานีวิทยุกระจายเสียงแห่งประเทศไทย จังหวัดลำปาง,FM,97
สถานีวิทยุกระจายเสียงแห่งประเทศไทย จังหวัดแพร่,FM,91
สถานีวิทยุกระจายเสียงแห่งประเทศไทย จังหวัดน่าน,FM,94.75
สถานีวิทยุกระจายเสียงแห่งประเทศไทย จังหวัดลำพูน,FM,95
สถานีวิทยุกระจายเสียงแห่งประเทศไทย จังหวัดพะเยา,FM,95.25
สถานีวิทยุกระจายเสียงแห่งประเทศไทย จังหวัดเชียงราย,FM,95.75
สถานีวิทยุกระจายเสียงแห่งประเทศไทย จังหวัดแม่ฮ่องสอน,FM,104
สถานีวิทยุกระจายเสียงแห่งประเทศไทยอำเภอแม่สะเรียง จังหวัดแม่ฮ่องสอน,FM,90.5
สถานีวิทยุกระจายเสียงแห่งประเทศไทยเพื่อการศึกษาจังหวัดแม่ฮ่องสอน,FM,102
สถานีวิทยุกระจายเสียงแห่งประเทศไทย จังหวัดพิษณุโลก,FM,94.25
สถานีวิทยุกระจายเสียงแห่งประเทศไทย จังหวัดสุโขทัย,FM,93.75
สถานีวิทยุกระจายเสียงแห่งประเทศไทย จังหวัดนครสวรรค์,FM,93.25
สถานีวิทยุกระจายเสียงแห่งประเทศไทย จังหวัดอุตรดิตถ์,FM,96.75
สถานีวิทยุกระจายเสียงแห่งประเทศไทย จังหวัดตาก,FM,102
สถานีวิทยุกระจายเสียงแห่งประเทศไทยอำเภอแม่สอด จังหวัดตาก,FM,103.75
สถานีวิทยุกระจายเสียงแห่งประเทศไทย จังหวัดเพชรบูรณ์,FM,102.75
สถานีวิทยุกระจายเสียงแห่งประเทศไทย จังหวัดกำแพงเพชร,FM,97.75
สถานีวิทยุกระจายเสียงแห่งประเทศไทย จังหวัดสุราษฏร์ธานี,FM,89.75
สถานีวิทยุกระจายเสียงแห่งประเทศไทย จังหวัดสุราษฏร์ธานี,FM,95.5
สถานีวิทยุกระจายเสียงแห่งประเทศไทยอำเภอเกาะสมุย จังหวัดสุราษฏร์ธานี,FM,96.75
สถานีวิทยุกระจายเสียงแห่งประเทศไทย จังหวัดภูเก็ต,FM,90.5
สถานีวิทยุกระจายเสียงแห่งประเทศไทย จังหวัดภูเก็ต,FM,96.75
สถานีวิทยุกระจายเสียงแห่งประเทศไทย จังหวัดนครศรีธรรมราช,FM,93.5
สถานีวิทยุกระจายเสียงแห่งประเทศไทยอำเภอทุ่งสง จังหวัดนครศรีธรรมราช,FM,97
สถานีวิทยุกระจายเสียงแห่งประเทศไทย จังหวัดกระบี่,FM,98.5
สถานีวิทยุกระจายเสียงแห่งประเทศไทย จังหวัดชุมพร,FM,100
สถานีวิทยุกระจายเสียงแห่งประเทศไทย จังหวัดพังงา,FM,100
สถานีวิทยุกระจายเสียงแห่งประเทศไทยอำเภอตะกั่วป่า จังหวัดพังงา,FM,90.25
สถานีวิทยุกระจายเสียงแห่งประเทศไทยจังหวัดระนอง,FM,107.25
สถานีวิทยุกระจายเสียงแห่งประเทศไทยเพื่อการศึกษา จังหวัดระนอง,FM,105.75
สถานีวิทยุกระจายเสียงแห่งประเทศไทย จังหวัดสงขลา,FM,89.5
สถานีวิทยุกระจายเสียงแห่งประเทศไทย จังหวัดสงขลา,FM,90.5
สถานีวิทยุกระจายเสียงแห่งประเทศไทย จังหวัดสงขลา,FM,102.25
สถานีวิทยุกระจายเสียงแห่งประเทศไทย จังหวัดตรัง,FM,91.25
สถานีวิทยุกระจายเสียงแห่งประเทศไทย จังหวัดยะลา,FM,92
สถานีวิทยุกระจายเสียงแห่งประเทศไทย จังหวัดยะลา,FM,94.25
สถานีวิทยุกระจายเสียงแห่งประเทศไทย จังหวัดยะลา,FM,95
สถานีวิทยุกระจายเสียงแห่งประเทศไทยเบตง จังหวัดยะลา,FM,93
สถานีวิทยุกระจายเสียงแห่งประเทศไทย จังหวัดสตูล,FM,95.5
สถานีวิทยุกระจายเสียงแห่งประเทศไทย จังหวัดสตูล,FM,99.5
สถานีวิทยุกระจายเสียงแห่งประเทศไทย จังหวัดพัทลุง,FM,98
สถานีวิทยุกระจายเสียงแห่งประเทศไทย จังหวัดปัตตานี,FM,101
สถานีวิทยุกระจายเสียงแห่งประเทศไทย จังหวัดนราธิวาส,FM,98.25
สถานีวิทยุกระจายเสียงแห่งประเทศไทยสุไหงโกลก จังหวัดนราธิวาส,FM,106.5
สถานีวิทยุกระจายเสียงแห่งประเทศไทย จังหวัดจันทบุรี,FM,90.25
สถานีวิทยุกระจายเสียงแห่งประเทศไทย จังหวัดระยอง,FM,91.75
สถานีวิทยุกระจายเสียงแห่งประเทศไทย จังหวัดตราด,FM,92.75
สถานีวิทยุกระจายเสียงแห่งประเทศไทย จังหวัดชลบุรี,FM,99.75
สถานีวิทยุกระจายเสียงแห่งประเทศไทย จังหวัดสระแก้ว,FM,103.25
สถานีวิทยุกระจายเสียงแห่งประเทศไทยสังขละบุรี จังหวัดกาญจนบุรี,FM,94.25
สถานีวิทยุกระจายเสียงแห่งประเทศไทย จังหวัดชัยนาท,FM,91.75
สถานีวิทยุกระจายเสียงแห่งประเทศไทย จังหวัดเพชรบุรี,FM,95.75
สถานีวิทยุกระจายเสียงแห่งประเทศไทย จังหวัดสุพรรณบุรี,FM,102.75
สถานีวิทยุกระจายเสียงแห่งประเทศไทย จังหวัดประจวบคีรีขันธ์,FM,102.25
สถานีวิทยุกระจายเสียงแห่งประเทศไทยหัวหิน จังหวัดประจวบคีรีขันธ์,FM,98.75
สถานีวิทยุกระจายเสียงกรมอุตุนิยมวิทยา จังหวัดนครราชสีมา,FM,94.25
สถานีวิทยุกระจายเสียงกรมอุตุนิยมวิทยา จังหวัดระยอง,FM,105.25
สถานีวิทยุกระจายเสียงกรมอุตุนิยมวิทยา จังหวัดพิษณุโลก,FM,104.25
สถานีวิทยุกระจายเสียงกรมอุตุนิยมวิทยา จังหวัดชุมพร,FM,94.25
สถานีวิทยุกระจายเสียงกรมอุตุนิยมวิทยา จังหวัดภูเก็ต,FM,107.25
สถานีวิทยุกระจายเสียงกรมเจ้าท่า,FM,107.5
สถานีวิทยุศึกษา,FM,92
สถานีวิทยุ ททบ.เอฟ.เอ็ม 94.00 MHZ,FM,94
พล.1 รอ.,FM,90
พล.1 รอ. เอฟ เอ็ม,FM,98
มทบ.14,FM,98.25
จทบ.ลพบุรี,FM,98.75
พล.ร.2 รอ.,FM,88.25
จทบ.เอฟ เอ็ม กาญจนบุรี,FM,92.75
ทภ.2 เอฟ เอ็ม ขอนแก่น,FM,88.25
ทภ.2 เอฟ เอ็ม นครพนม,FM,98.75
ทภ.2 เอฟ เอ็ม นครราชสีมา,FM,107.25
ทภ.2 เอฟ เอ็ม บุรีรัมย์,FM,100.75
ทภ.2 ยโสธร,FM,100
ทภ.2 เอฟ เอ็ม ร้อยเอ็ด,FM,95.5
ทภ.2 เอฟ เอ็ม เลย,FM,90
ทภ.2 เอฟ เอ็ม สุรินทร์,FM,90.25
ทภ.2 เอฟ เอ็ม อุบลราชธานี,FM,95.75
ทภ.3 กำแพงเพชร,FM,105
ทภ.3 สน.เชียงใหม่,FM,101.5
ทภ.3 น่าน,FM,99.5
ทภ.3 พะเยา,FM,107.25
ทภ.3 แพร่,FM,103.5
ทภ.3 ลำปาง,FM,101.75
ทภ.3 ลำพูน,FM,107.5
ทภ.3 สุโขทัย,FM,102.25
ทภ.3 อุตรดิตถ์,FM,97.5
มทบ.31,FM,98.25
ทภ.4 F.M. ชุมพร,FM,107.5
ทภ.4 F.M. สุราษฎร์ธานี,FM,92.25
ทภ.4 F.M. ตรัง,FM,103
ทภ.4 F.M. สงขลา,FM,107.75
ทภ.4 F.M. พัทลุง,FM,89.25
ทภ.4 F.M. ปัตตานี,FM,93.5
สถาวิทยุกระจายเสียง กองทัพบก ขส.ทบ.,FM,102
จส.1 F.M.,FM,94.5
จส.F.M. 100,FM,100
กวส.6,FM,92.5
กวส.7,FM,100
ททบ.เอฟ.เอ็ม.103.5,FM,103.5
รด.F.M.,FM,96
รด.มหาสารคาม,FM,105.5
รด.เชียงราย,FM,90.75
รด.ภูเก็ต,FM,102.25
สพ.ทบ.,FM,99.25
พล.ปตอ.,FM,104.5
รร.จปร.,FM,89.75
ศร.,FM,96.25
ยานเกราะ F.M.,FM,89
ยานเกราะ F.M.,FM,91.5
จส.2,FM,103
สนว.กจ.ทอ.03 นครราชสีมา,FM,90.5
สนว.กจ.ทอ.04 ตาคลี,FM,95.25
สนว.กจ.ทอ.05 ประจวบคีรีขันธ์,FM,91.25
สนว.กจ.ทอ.06 กรุงเทพ,FM,102.5
สนว.กจ.ทอ.07 สุราฎร์ธานี,FM,98.25
สนว.กจ.ทอ.08 อุบลราชธานี,FM,105.25
สนว.กจ.ทอ.09 อุดรธานี,FM,104
สนว.กจ.ทอ.010 พิษณุโลก,FM,95.75
สนว.กจ.ทอ.011 หาดใหญ่,FM,107
สนว.กจ.ทอ.013 เชียงใหม่,FM,102.5
สนว.กจ.ทอ.014 มหาสารคาม,FM,98
สนว.กจ.ทอ.015 เชียงราย,FM,94.25
สนว.กจ.ทอ.016 จันทบุรี,FM,93.25
สนว.กจ.ทอ.017 สกลนคร,FM,96.75
สนว.กจ.ทอ.018 น่าน,FM,96
สนว.กจ.ทอ.019 สุรินทร์,FM,107.5
สนว.กจ.ทอ.020 ขอนแก่น,FM,107.75
สนว.กจ.ทอ.021 บุรีรัมย์,FM,98.25
ส.ทร.วังนันทอุทยาน,FM,88.5
ส.ทร.วังนันทอุทยาน,FM,93
ส.ทร.วังนันทอุทยาน,FM,106
ส.ทร.4 จันทบุรี,FM,88.75
ส.ทร.3 ภูเก็ต,FM,88
ส.ทร.5 พัทยา,FM,104.75
ส.ทร.6 สงขลา,FM,94.5
ส.ทร.7 นครพนม,FM,97.5
ส.ทร.9 อุบลราชธานี,FM,104
ส.ทร.10 ตราด,FM,93.75
ส.ทร.11 เชียงใหม่,FM,88
ส.ทร.12 หนองคาย,FM,95.75
ส.ทร.14 พังงา,FM,97.75
ส.ทร.15 นราธิวาส,FM,94.75
วส.๙๐๙ นทพ.,FM,94.75
วส.๙๑๒ นทพ.,FM,99.25
วส.๙๑๔ นทพ.,FM,100.25
วส.๙๑๙ นทพ.,FM,99.5
วส.๙๒๑ นทพ.,FM,99
วส.๙๓๔ นทพ.,FM,88.75
วส.๑๐๑ บก.ทท.,FM,101
สถานีวิทยุแห่งจุฬาลงกรณ์มหาวิทยาลัย,FM,101.5
สถานีวิทยุ บมจ.อสมท (ลูกทุ่งมหานคร),FM,95
สถานีวิทยุ บมจ.อสมท (คลื่นความคิด),FM,96.5
สถานีวิทยุ บมจ.อสมท (เมล็ดพันธุ์ใหม่ของคนวัยมัน),FM,97.5
สถานีวิทยุ บมจ.อสมท (คลื่นข่าว),FM,100.5
สถานีวิทยุ บมจ.อสมท (MET 107),FM,107
สถานีวิทยุ อสมท จังหวัดเชียงใหม่,FM,100.75
สถานีวิทยุ อสมท จังหวัดเชียงราย,FM,101.25
สถานีวิทยุ อสมท จังหวัดกำแพงเพชร,FM,92.75
สถานีวิทยุ อสมท จังหวัดลำปาง,FM,99
สถานีวิทยุ บมจ.อสมท จังหวัดพะเยา,FM,97.25
สถานีวิทยุ บมจ.อสมท จังหวัดแม่ฮ่องสอน,FM,99.5
สถานีวิทยุ บมจ.อสมท จังหวัดพิจิตร,FM,107.75
สถานีวิทยุ อสมท จังหวัดตาก,FM,97.25
สถานีวิทยุ บมจ.อสมท จังหวัดแพร่,FM,93
สถานีวิทยุ อสมท จังหวัดน่าน,FM,92
สถานีวิทยุ บมจ.อสมท จังหวัดลำพูน,FM,96.5
สถานีวิทยุ บมจ.อสมท จังหวัดอุดรธานี,FM,91.5
สถานีวิทยุ บมจ.อสมท จังหวัดอุตรดิตถ์,FM,98.5
สถานีวิทยุ บมจ.อสมท จังหวัดอุบลราชธานี,FM,107
สถานีวิทยุ บมจ.อสมท จังหวัดสุโขทัย,FM,99.25
สถานีวิทยุ บมจ.อสมท จังหวัดศรีสะเกษ,FM,95
สถานีวิทยุ บมจ.อสมท จังหวัดพิษณุโลก,FM,106.25
สถานีวิทยุ บมจ.อสมท จังหวัดร้อยเอ็ด,FM,101
สถานีวิทยุ บมจ.อสมท จังหวัดกาฬสินธุ์,FM,92
สถานีวิทยุ บมจ.อสมท จังหวัดสุรินทร์,FM,99.75
สถานีวิทยุ บมจ.อสมท จังหวัดบุรีรัมย์,FM,92
สถานีวิทยุ บมจ.อสมท จังหวัดยโสธร,FM,95.25
สถานีวิทยุ บมจ.อสมท จังหวัดสิงห์บุรี,FM,105.25
สถานีวิทยุ บมจ.อสมท จังหวัดหนองคาย,FM,102.5
สถานีวิทยุ บมจ.อสมท จังหวัดนครราชสีมา,FM,95.75
สถานีวิทยุ บมจ.อสมท จังหวัดเลย,FM,100
สถานีวิทยุ บมจ.อสมท จังหวัดนครพนม,FM,93.5
สถานีวิทยุ บมจ.อสมท จังหวัดขอนแก่น,FM,90.75
สถานีวิทยุ บมจ.อสมท จังหวัดชัยภูมิ,FM,102
สถานีวิทยุ บมจ.อสมท จังหวัดมหาสารคาม,FM,100.5
สถานีวิทยุ บมจ.อสมท จังหวัดชุมพร,FM,90.75
สถานีวิทยุ บมจ.อสมท จังหวัดสุราษฎร์ธานี,FM,102
สถานีวิทยุ บมจ.อสมท จังหวัดระนอง,FM,100.5
สถานีวิทยุ บมจ.อสมท จังหวัดตรัง,FM,106.25
สถานีวิทยุ บมจ.อสมท จังหวัดภูเก็ต,FM,101.5
สถานีวิทยุ บมจ.อสมท จังหวัดสงขลา,FM,96.5
สถานีวิทยุ บมจ.อสมท จังหวัดกระบี่,FM,105
สถานีวิทยุ บมจ.อสมท จังหวัดนครศรีธรรมราช,FM,104.5
สถานีวิทยุ บมจ.อสมท จังหวัดยะลา,FM,102.5
สถานีวิทยุ บมจ.อสมท จังหวัดพัทลุง,FM,95.75
สถานีวิทยุ บมจ.อสมท อำเภอหลังสวน จังหวัดชุมพร,FM,104.75
สถานีวิทยุ บมจ.อสมท จังหวัดสตูล,FM,93.25
สถานีวิทยุ บมจ.อสมท จังหวัดนราธิวาส,FM,96
สถานีวิทยุ บมจ.อสมท จังหวัดพังงา,FM,91.75
สถานีวิทยุ บมจ.อสมท จังหวัดระยอง,FM,96.75
สถานีวิทยุ บมจ.อสมท จังหวัดตราด,FM,107.25
สถานีวิทยุ บมจ.อสมท จังหวัดชลบุรี(พัทยา),FM,107.75
สถานีวิทยุ บมจ.อสมท จังหวัดกาญจนบุรี,FM,107.25
สถานีวิทยุ บมจ.อสมท จังหวัดจันทบุรี,FM,95.25
สถานีวิทยุ บมจ.อสมท จังหวัดปัตตานี,FM,91
สถานีวิทยุ บมจ.อสมท จังหวัดอุทัยธานี,FM,101.75
สถานีวิทยุ บมจ.อสมท จังหวัดประจวบคีรีขันธ์,FM,106.75
สถานีวิทยุ บมจ.อสมท (คลื่นเมืองไทยแข็งแรง),FM,99
Eazy FM,FM,105.5
สถานีวิทยุ บมจ.อสมท จังหวัดสกลนคร,FM,107
สถานีวิทยุกระจายเสียงมหาวิทยาลัยนเรศวร,FM,107.25
สถานีวิทยุกระจายเสียงมหาวิทยาลัยมหาสารคาม,FM,102.25
สถานีวิทยุกระจายเสียงมหาวิทยาลัยสงขลานครินทร์ วิทยาเขตหาดใหญ่,FM,88
สถานีวิทยุกระจายเสียงมหาวิทยาลัยสงขลานครินทร์ วิทยาเขตปัตตานี,FM,107.25
สถานีวิทยุเสียงสื่อสารมวลชน,FM,100
สถานีวิทยุกระจายเสียง ม.ราชมงคลธัญบุรี,FM,89.5
สถานีวิทยุกระจายเสียง 1 ปณ. 106.5 MHz (กรุงเทพมหานคร),FM,106.5
สถานีวิทยุกระจายเสียง 1 ปณ. 102.00 MHz (อุบลราชธานี),FM,102
สถานีวิทยุกระจายเสียง 1 ปณ. 99.00 MHz (อุดรธานี),FM,99
สถานีวิทยุกระจายเสียง 1 ปณ. 89.00 MHz (ภูเก็ต),FM,89
สถานีวิทยุกระจายเสียง 1 ปณ. 98.50 MHz (กรุงเทพมหานคร),FM,98.5
สถานีวิทยุกระจายเสียงพิทักษ์สันติราษฎร์ กรุงเทพมหานคร,FM,91
สถานีวิทยุกระจายเสียงพิทักษ์สันติราษฎร์ อุบลราชธานี,FM,99.5
สถานีวิทยุกระจายเสียงพิทักษ์สันติราษฎร์ ขอนแก่น,FM,104.5
สถานีวิทยุกระจายเสียงพิทักษ์สันติราษฎร์ สุราษฎร์ธานี,FM,99
สถานีวิทยุกระจายเสียงพิทักษ์สันติราษฎร์ นครศรีธรรมราช,FM,91.5
สถานีวิทยุกระจายเสียงตำรวจตระเวนชายแดนค่ายเสนีย์รณยุทธ จังหวัดอุดรธานี,FM,100.25
สถานีวิทยุกระจายเสียงตำรวจตระเวนชายแดนค่ายศรีนครินทรา จังหวัดนครศรีธรรมราช,FM,92.5
สถานีวิทยุกระจายเสียงตำรวจตระเวนชายแดนค่ายรามคำแหง จังหวัด สงขลา,FM,104
สถานีวิทยุกระจายเสียงตำรวจตระเวนชายแดนค่ายพระเจ้าตาก จังหวัดตาก,FM,94.75
สถานีวิทยุกระจายเสียงตำรวจตระเวนชายแดนค่ายสุรินทรภักดี จังหวัดชัยภูมิ,FM,88.75
สถานีวิทยุกระจายเสียงตำรวจตระเวนชายแดนค่ายพระมงกุฎเกล้า จังหวัดประจวบคีรีขันธ์,FM,100.25
สถานีวิทยุกระจายเสียงตำรวจตระเวนชายแดนค่ายพญางำเมือง จังหวัดแพร่,FM,106
สถานีวิทยุกระจายเสียงตำรวจตระเวนชายแดนค่ายสมเด็จกรมพระยาดำรงราชานุภาพ จังหวัดยโสธร,FM,105
สถานีวิทยุกระจายเสียงราชดำริสัมพันธ์ 1 จังหวัด ระยอง,FM,102.75
สถานีวิทยุกระจายเสียงราชดำริสัมพันธ์ 2 จังหวัด นครราชสีมา,FM,89.25
สถานีวิทยุกระจายเสียงราชดำริสัมพันธ์ 3 จังหวัด ลำพูน,FM,105
สถานีวิทยุกระจายเสียงราชดำริสัมพันธ์ 4 จังหวัด ชุมพร,FM,104.25
สถานีวิทยุกระจายเสียงตำรวจภูธรภาค 4 จังหวัด ร้อยเอ็ด,FM,98.75
สถานีวิทยุกระจายเสียงตำรวจภูธรภาค 4 จังหวัด สกลนคร,FM,101.75
สถานีวิทยุกระจายเสียงตำรวจภูธรภาค 4 จังหวัด เลย,FM,92.5
สถานีวิทยุกระจายเสียงตำรวจภูธรภาค 5 จังหวัด ลำปาง,FM,91.5
สถานีวิทยุกระจายเสียงตำรวจภูธรภาค 5 จังหวัด เชียงราย,FM,92.75
สถานีวิทยุกระจายเสียงตำรวจภูธรภาค 5 จังหวัด พะเยา,FM,106.25
สถานีวิทยุกระจายเสียงตำรวจภูธรภาค 6 จังหวัด อุตรดิตถ์,FM,90.5
สถานีวิทยุกระจายเสียงตำรวจภูธรภาค 6 จังหวัด เพชรบูรณ์,FM,104.75
สถานีวิทยุกระจายเสียงตำรวจภูธรภาค 6 จังหวัด พิจิตร,FM,88.25
สถานีวิทยุกระจายเสียงตำรวจภูธรภาค 6 จังหวัด กำแพงเพชร,FM,90.75
สถานีวิทยุกระจายเสียงตำรวจภูธรภาค 8 จังหวัด พังงา,FM,106.5
สถานีวิทยุกระจายเสียงตำรวจภูธรภาค 9 จังหวัด ตรัง,FM,106.75
สถานีวิทยุกระจายเสียงตำรวจภูธรภาค 9 จังหวัด พัทลุง,FM,90.75
สถานีวิทยุกระจายเสียงศูนย์ปฏิบัติการตำรวจจังหวัดชายแดนภาคใต้ จังหวัดนราธิวาส,FM,88.25
สถานีวิทยุกระจายเสียงตำรวจภูธรภาค 9 จังหวัด สตูล,FM,91.75
สถานีวิทยุกระจายเสียง เสียงสามยอด จังหวัด เชียงใหม่,FM,105.75
สถานีวิทยุกระจายเสียงพิทักษ์สันติราษฎร์ นครสวรรค์,FM,105.75
สถานีวิทยุกระจายเสียง เสียงสามยอด อุดรธานี,FM,105.75
สถานีวิทยุกระจายเสียง เสียงสามยอด ภูเก็ต,FM,95
สถานีวิทยุกระจายเสียงตำรวจตระเวนชายแดนค่ายพระพุทธยอดฟ้า จังหวัดกาญจนบุรี,FM,97.75
สถานีวิทยุกระจายเสียงรัฐสภา,FM,87.5
สถานีวิทยุกระจายเสียงรัฐสภาจังหวัดกาญจนบุรี,FM,106.25
สถานีวิทยุกระจายเสียงรัฐสภาจังหวัดชัยนาท,FM,96.25
สถานีวิทยุกระจายเสียงรัฐสภาจังหวัดพิษณุโลก,FM,92.25
สถานีวิทยุกระจายเสียงรัฐสภาจังหวัดเชียงใหม่,FM,106.75
สถานีวิทยุกระจายเสียงรัฐสภาจังหวัดระยอง,FM,87.75
สถานีวิทยุกระจายเสียงรัฐสภาจังหวัดนครราชสีมา,FM,87.5
สถานีวิทยุกระจายเสียงรัฐสภาจังหวัดอุดรธานี,FM,87.5
สถานีวิทยุกระจายเสียงรัฐสภาจังหวัดอุบลราชธานี,FM,87.5
สถานีวิทยุกระจายเสียงรัฐสภาจังหวัดสกลนคร,FM,87.75
สถานีวิทยุกระจายเสียงรัฐสภาจังหวัดประจวบคีรีขันธ์,FM,89.25
สถานีวิทยุกระจายเสียงรัฐสภาจังหวัดสุราษฎร์ธานี,FM,87.5
สถานีวิทยุกระจายเสียงรัฐสภาจังหวัดภูเก็ต,FM,99.25
สถานีวิทยุกระจายเสียงรัฐสภาจังหวัดสงขลา,FM,103.25
สถานีวิทยุกระจายเสียงรัฐสภาจังหวัดยะลา,FM,89
สถานีวิทยุ อ.ส. พระราชวังดุสิต,FM,104
สถานีวิทยุกระจายเสียงมหาวิทยาลัยขอนแก่น,FM,103
สถานีวิทยุกระจายเสียงกรมประมง จังหวัดระยอง,FM,100.75
สถานีวิทยุกระจายเสียงกรมประมง จังหวัดร้อยเอ็ด,FM,101.6
สถานีวิทยุกระจายเสียงกรมประมง จังหวัดเชียงราย,FM,103
สถานีวิทยุกระจายเสียงกรมการพลังงานทหาร,AM,792
สถานีวิทยุกระจายเสียงกรมการพลังงานทหาร,AM,711
สถานีวิทยุกระจายเสียงแห่งประเทศไทย จังหวัดกรุงเทพมหานคร,AM,819
สถานีวิทยุกระจายเสียงแห่งประเทศไทย จังหวัดกรุงเทพมหานคร,AM,918
สถานีวิทยุกระจายเสียงแห่งประเทศไทย จังหวัด กรุงเทพมหานคร,AM,837
สถานีวิทยุกระจายเสียงแห่งประเทศไทย จังหวัด กรุงเทพมหานคร,AM,891
สถานีวิทยุกระจายเสียงแห่งประเทศไทยเพื่อการศึกษา จังหวัดกรุงเทพมหานคร,AM,1467
สถานีวิทยุกระจายเสียงแห่งประเทศไทย จังหวัดขอนแก่น,AM,648
สถานีวิทยุกระจายเสียงแห่งประเทศไทย จังหวัด หนองคาย,AM,810
สถานีวิทยุกระจายเสียงแห่งประเทศไทย จังหวัด บึงกาฬ,AM,927
สถานีวิทยุกระจายเสียงแห่งประเทศไทย จังหวัด มหาสารคาม,AM,531
สถานีวิทยุกระจายเสียงแห่งประเทศไทย จังหวัดเลย,AM,1341
สถานีวิทยุกระจายเสียงแห่งประเทศไทยอำเภอด่านซ้าย จังหวัดเลย,AM,909
สถานีวิทยุกระจายเสียงแห่งประเทศไทย จังหวัดนครราชสีมา,AM,729
สถานีวิทยุกระจายเสียงแห่งประเทศไทยเพื่อการศึกษา จังหวัดขอนแกน่,AM,621
สถานีวิทยุกระจายเสียงแห่งประเทศไทย จังหวัด อุบลราชธานี,AM,1341
สถานีวิทยุกระจายเสียงแห่งประเทศไทย จังหวัด นครพนม,AM,981
สถานีวิทยุกระจายเสียงแห่งประเทศไทย จังหวัดสุรินทร์,AM,909
สถานีวิทยุกระจายเสียงแห่งประเทศไทย จังหวัดมุกดาหาร,AM,549
สถานีวิทยุกระจายเสียงแห่งประเทศไทย จังหวัดศรีสะเกษ,AM,864
สถานีวิทยุกระจายเสียงแห่งประเทศไทย จังหวัดบุรีรัมย์,AM,1368
สถานีวิทยุกระจายเสียงแห่งประเทศไทย จังหวัด อำนาจเจริญ,AM,1422
สถานีวิทยุกระจายเสียงแห่งประเทศไทยเพื่อการศึกษา จังหวัดอุบลราชธานี,AM,711
สถานีวิทยุกระจายเสียงแห่งประเทศไทย จังหวัดเชียงใหม่,AM,639
สถานีวิทยุกระจายเสียงแห่งประเทศไทย จังหวัดเชียงใหม่,AM,1476
สถานีวิทยุกระจายเสียงแห่งประเทศไทย จังหวัดลำปาง,AM,1134
สถานีวิทยุกระจายเสียงแห่งประเทศไทย จังหวัด น่าน,AM,1368
สถานีวิทยุกระจายเสียงแห่งประเทศไทย จังหวัดเชียงราย,AM,1260
สถานีวิทยุกระจายเสียงแห่งประเทศไทย จังหวัดแม่ฮ่องสอน,AM,981
สถานีวิทยุกระจายเสียงแห่งประเทศไทยเพื่อการศึกษา จังหวัด ลำปาง,AM,549
สถานีวิทยุกระจายเสียงแห่งประเทศไทย จังหวัดพิษณุโลก,AM,1026
สถานีวิทยุกระจายเสียงแห่งประเทศไทย จังหวัดตาก,AM,864
สถานีวิทยุกระจายเสียงแห่งประเทศไทยอำเภอแม่สอด จังหวัดตาก,AM,1098
สถานีวิทยุกระจายเสียงแห่งประเทศไทย จังหวัด เพชรบูรณ์,AM,846
สถานีวิทยุกระจายเสียงแห่งประเทศไทยเพื่อการศึกษา จังหวัดนครสวรรค์,AM,936
สถานีวิทยุกระจายเสียงแห่งประเทศไทย จังหวัดสุราษฏร์ธานี,AM,1215
สถานีวิทยุกระจายเสียงแห่งประเทศไทย จังหวัดภูเก็ต,AM,1062
สถานีวิทยุกระจายเสียงแห่งประเทศไทย จังหวัด นครศรีธรรมราช,AM,639
สถานีวิทยุกระจายเสียงแห่งประเทศไทย จังหวัดกระบี่,AM,720
สถานีวิทยุกระจายเสียงแห่งประเทศไทย จังหวัดชุมพร,AM,1377
สถานีวิทยุกระจายเสียงแห่งประเทศไทย จังหวัดพังงา,AM,1341
สถานีวิทยุกระจายเสียงแห่งประเทศไทยอำเภอตะกั่วป่า จังหวัดพังงา,AM,1116
สถานีวิทยุกระจายเสียงแห่งประเทศไทย จังหวัด ระนอง,AM,783
สถานีวิทยุกระจายเสียงแห่งประเทศไทยเพอื่ การศึกษา จังหวัดสุราษฎร์ธานี,AM,1242
สถานีวิทยุกระจายเสียงแห่งประเทศไทยเพื่อการศึกษา จังหวัด กระบี่,AM,963
สถานีวิทยุกระจายเสียงแห่งประเทศไทย จังหวัดสงขลา,AM,1404
สถานีวิทยุกระจายเสียงแห่งประเทศไทย จังหวัดตรัง,AM,810
สถานีวิทยุกระจายเสียงแห่งประเทศไทย จังหวัดยะลา,AM,981
สถานีวิทยุกระจายเสียงแห่งประเทศไทยเบตง  จังหวัดยะลา,AM,1026
สถานีวิทยุกระจายเสียงแห่งประเทศไทย จังหวัดสตูล,AM,1206
สถานีวิทยุกระจายเสียงแห่งประเทศไทย จังหวัดพัทลุง,AM,864
สถานีวิทยุกระจายเสียงแห่งประเทศไทย จังหวัดปัตตานี,AM,1296
สถานีวิทยุกระจายเสียงแห่งประเทศไทย เพื่อการศึกษาจังหวัดสงขลา,AM,558
สถานีวิทยุกระจายเสียงแห่งประเทศไทย จังหวัดจันทบุรี,AM,1125
สถานีวิทยุกระจายเสียงแห่งประเทศไทย จังหวัดตราด,AM,1557
สถานีวิทยุกระจายเสียงแห่งประเทศไทย เพื่อการศึกษาจังหวัดจันทบุรี,AM,927
สถานีวิทยุกระจายเสียงแห่งประเทศไทย จังหวัดกาญจนบุรี,AM,558
สถานีวิทยุกระจายเสียงแห่งประเทศไทยสังขละบุรี จังหวัดกาญจนบุรี,AM,810
สถานีวิทยุกระจายเสียงแห่งประเทศไทย จังหวัดราชบุรี,AM,1593
สถานีวิทยุกระจายเสียงเพื่อการเกษตร,AM,1386
สถานีวิทยุกระจายเสียงกรมอุตุนิยมวิทยา,AM,1287
สถานีวิทยุสราญรมย์ร่วมกบั สถานีวิทยุ VOA (อยุธยา),AM,1575
สถานีวิทยุศึกษา,AM,1161
สถานีวิทยุกระจายเสียงกรุงเทพมหานคร,AM,873
ทภ.1 จันทบุรี,AM,1530
ทภ.1 อ.ปราณบุรี,AM,1206
ทภ.1 สุพรรณบุรี,AM,1404
ทภ.1 สระแกว้,AM,1188
พล.1 รอ.,AM,999
พล.1 รอ.,AM,1350
พล.1 รอ.,AM,1422
พล.ร.9,AM,1539
จทบ.ลพบุรี,AM,1197
มทบ.11 สวนมิสกวัน,AM,630
มทบ.11 สวนมิสกวัน,AM,1053
เสียงจากค่ายจกั รพงษ์,AM,855
ทภ.2 กาฬสินธุ์,AM,945
ทภ.2 เอ เอ็ม ขอนแก่น,AM,1107
ทภ.2 นครพนม,AM,1440
ทภ.2 นครราชสีมา,AM,1134
ทภ.2 สกลนคร,AM,1359
ทภ.2 สุรินทร์,AM,666
ทภ.2 อุดรธานี,AM,747
ทภ.2 อุบลราชธานี,AM,1215
ทภ.3 สน.กำแพงเพชร,AM,738
ทภ.3 สน.เชียงราย,AM,999
ทภ.3 สน.ตาก,AM,666
ทภ.3 สน.พิจิตร,AM,1449
ทภ.3 สน.เพชรบูรณ์,AM,1242
ทภ.3 สน.แพร่,AM,585
ทภ.3 พิษณุโลก,AM,1188
ทภ.3 สน.พิษณุโลก (เมืองสองแคว),AM,1116
ทภ.3 สน.สุโขทัย,AM,828
ทภ.3 สน.อุตรดิตถ์,AM,1287
พล.ร.4,AM,1377
เสียงจากค่ายจริ ประวัติ,AM,801
มทบ.32 ลำปาง,AM,1053
เสียงจากค่ายสุรศักดิ์มนตรี มทบ.32,AM,1350
ทภ.4 A.M. นครศรีธรรมราช,AM,684
ทภ.4 A.M. นครศรีธรรมราช,AM,1044
ทภ.4 A.M. ปัตตานี,AM,936
ทภ.4 A.M. พัทลุง,AM,1584
จส.1,AM,657
จส.2.,AM,1503
จส.3,AM,1251
จส.4,AM,1404
จส.5,AM,567
จส.6,AM,1458
วปถ.2,AM,738
วปถ.3,AM,1008
วปถ.4,AM,828
วปถ.5,AM,738
วปถ.6,AM,1287
วปถ.7,AM,1233
วปถ.9,AM,1080
วปถ.10,AM,1080
วปถ.12,AM,603
วปถ.14,AM,1530
วปถ.15,AM,585
วปถ.16,AM,1080
วปถ.17,AM,1350
กวส.1,AM,756
กวส.2,AM,1215
กวส.3,AM,1188
กวส.4,AM,1512
กวส.5,AM,1044
วปถ.8,AM,1440
รด.A.M.,AM,747
รด.ขอนแก่น,AM,1152
รด.เชียงใหม่,AM,1152
พล.ปตอ.,AM,594
พล.ม.2 รอ.,AM,963
พล.ม.2 รอ.,AM,774
ยานเกราะ A.M.,AM,540
ยานเกราะ A.M.,AM,1305
ยานเกราะ A.M.,AM,693
ยานเกราะ A.M.,AM,684
ยานเกราะ A.M.,AM,1557
วศป.612,AM,612
วศป.711,AM,711
วศป.1449,AM,1449
สถาวิทยุกระจายเสียง กองทัพบก ขส .ทบ.,AM,1269
สนว.กจ.ทอ.01 ดอนเมือง,AM,1233
สนว.กจ.ทอ.01 มีนบุรี,AM,945
สนว.กจ.ทอ.02 ลพบุรี,AM,765
สนว.กจ.ทอ.03 นครราชสีมา,AM,1431
สนว.กจ.ทอ.04 ตาคลี,AM,1224
สนว.กจ.ทอ.05 ประจวบคีรีขันธ์,AM,1017
สนว.กจ.ทอ.06 กรุงเทพ,AM,1251
สนว.กจ.ทอ.07 สุราษฎร์ธานี,AM,1323
สนว.กจ.ทอ.08 อุบลราชธานี,AM,801
สนว.กจ.ทอ.09 อุดรธานี,AM,1062
สนว.กจ.ทอ.010 พิษณุโลก,AM,954
สนว.กจ.ทอ.011 หาดใหญ่,AM,1512
สนว.กจ.ทอ.012 กำแพงแสน,AM,1368
สนว.กจ.ทอ.013 เชียงใหม่,AM,1323
สนว.กจ.ทอ.014 มหาสารคาม,AM,1332
สนว.กจ.ทอ.015 เชียงราย,AM,801
สนว.กจ.ทอ.015 เชียงราย,AM,1224
สนว.กจ.ทอ.016 จันทบุรี,AM,954
ส.ทร.2 บางนา,AM,675
ส.ทร.4 จันทบุรี,AM,1170
ส.ทร.3 ภูเก็ต,AM,1458
ส.ทร.5 สัตหีบ,AM,720
ส.ทร.8 พิษณุโลก,AM,1170
ส.ทร.9 อุบลราชธานี,AM,1161
ส.ทร.6 สงขลา,AM,1431
วส.๙๐๙ นทพ.,AM,837
วส.๙๑๒ นทพ.,AM,756
วส.๙๑๔ นทพ.,AM,1179
วส.๙๑๔ นทพ.,AM,1395
วส.๙๑๙ นทพ.,AM,1521
วส.๙๒๑ นทพ.,AM,972
วส.๙๓๔ นทพ.,AM,1512
สถานีวิทยุ บมจ.อสมท เอ.เอ็ม .1143 KHz,AM,1143
สถานีวิทยุ บมจ.อสมท เอ.เอ็ม. 1494 KHz,AM,1494
สถานีวิทยุกระจายเสียงมหาวิทยาลัยธรรมศาสตร์,AM,981
สถานีวิทยุกระจายเสียงมหาวิทยาลัยเกษตรศาสตร์ บางเขน (HSUA),AM,1107
สถานีวิทยุกระจายเสียงมหาวิทยาลัยเกษตรศาสตร์ เชียงใหม่ (HSUB),AM,612
สถานีวิทยุกระจายเสียงมหาวิทยาลัยเกษตรศาสตร์ ขอนแก่น (HSUC),AM,1314
สถานีวิทยุกระจายเสียงมหาวิทยาลัยเกษตรศาสตร์ สงขลา (HSUD),AM,1269
สถานีวิทยุกระจายเสียง 1 ปณ. 765 kHz (ลำปาง),AM,765
สถานีวิทยุกระจายเสียง 1 ปณ. 1089 kHz (อุดรธานี),AM,1089
สถานีวิทยุกระจายเสียง 1 ปณ. 1035 kHz (หลักสี่),AM,1035
สถานีวิทยุกระจายเสียงพิทักษ์สันติราษฎร์ นครราชสีมา,AM,990
สถานีวิทยุกระจายเสียงพิทักษสันติราษฎร์ เชียงใหม่,AM,918
สถานีวิทยุกระจายเสียงพิทักษสันติราษฎร์ พิษณุโลก,AM,1422
สถานีวิทยุกระจายเสียงพิทักษ์สันติราษฎร์ สงขลา,AM,1098
สถานีวิทยุกระจายเสียงตำรวจตระเวนชายแดน 576 กรุงเทพมหานคร,AM,576
สถานีวิทยุกระจายเสียง เสียงสามยอด กรุงเทพมหานคร,AM,1179
สถานีวิทยุกระจายเสียง เสียงสามยอด อุดรธานี,AM,774
สถานีวิทยุกระจายเสียงรัฐสภา,AM,1071
สถานีวิทยุ อ.ส. พระราชวังดุสิต,AM,1332
